Year,Country,Global Innovation Index - Innovation Ranking,Global Innovation Index - Innovation Index,Global Gender Gap Index - Gender Gap Ranking,Global Gender Gap Index - Gender Gap Index,Gini index - Gini index,fertility - Live births,fertility - Live births males,fertility - Live births females,fertility - Birth Rate,fertility - Fertility Rate,Electricity generation - Installed capacity MW,Electricity generation - Generation GWh,Electricity generation - Renewable installed capacity MW,Electricity generation - Renewable generation GWh,Electricity generation - Renewable percentage,Electricity consumption - Generation GWh,Electricity consumption - Consumption GWh,Electricity consumption - Consumption per capita kW,Doing Business - Doing Business Index,Doing Business - Doing Business,Doing Business - Starting a Business,Doing Business - Dealing with Construction Permits,Doing Business - Getting Electricity,Doing Business - Registering Property,Doing Business - Credit,Doing Business - Minority Investors,Doing Business - Taxes,Doing Business - Trading,Doing Business - Contracts,Doing Business - Insolvency,Divorces - Divorces,Divorces - Crude divorce rate,Corruption Perceptions Index - Corruption Ranking,Corruption Perceptions Index - Corruption Index,CO2 emission - CO2 Total Mt,CO2 emission - CO2 Kg/1000 $,CO2 emission - CO2 Tons per capita
2025,Hungary,,,,,29.5,73264,,,7.70‰,,,,,,,,,,,,,,,,,,,,,,,,,,,,
2024,Hungary,36º,39.6,101º,0.686,28.0,78868,40840.0,38028.0,8.20‰,1.41,16577.0,36982.0,8621.0,12220.0,33.04%,36982.0,45012.0,4718.5,,,,,,,,,,,,,17732.0,1.90‰,,,,,
2023,Hungary,35º,41.3,99º,0.689,28.6,87671,45081.0,42590.0,9.10‰,1.55,14717.0,34080.0,6757.0,9151.0,26.85%,34080.0,42725.0,4457.6,,,,,,,,,,,,,16791.0,1.80‰,76º,42.0,43.825,0.11,4.61
2022,Hungary,34º,39.8,88º,0.699,26.9,89669,46077.0,43592.0,9.30‰,1.57,13226.0,33814.0,5155.0,7675.0,22.70%,33814.0,43183.0,4498.4,,,,,,,,,,,,,17695.0,1.80‰,77º,42.0,47.601,0.12,4.98
2021,Hungary,34º,42.7,99º,0.688,27.4,94003,48483.0,45520.0,9.80‰,1.63,11977.0,34262.0,3906.0,7107.0,20.74%,34262.0,43964.0,4574.6,,,,,,,,,,,,,,1.90‰,73º,43.0,50.253,0.13,5.24
2020,Hungary,35º,41.53,105º,0.677,28.2,93807,48273.0,45534.0,9.70‰,1.61,11071.0,33066.0,3024.0,5719.0,17.30%,33066.0,41604.0,4310.7,73.42,52º,87º,108º,125º,29º,37º,97º,56º,1º,26º,66º,14979.0,1.50‰,69º,44.0,49.004,0.14,5.09
2019,Hungary,33º,44.51,,,26.8,93100,47984.0,45116.0,9.60‰,1.58,10349.0,32383.0,2288.0,4890.0,15.10%,32383.0,41675.0,4301.1,72.28,53º,82º,110º,122º,30º,32º,110º,86º,1º,22º,65º,17600.0,1.80‰,70º,44.0,50.776,0.14,5.26
2018,Hungary,33º,44.94,102º,0.674,28.7,93467,48008.0,45459.0,9.60‰,1.57,9650.0,30769.0,1630.0,3953.0,12.85%,30769.0,41760.0,4305.1,72.39,48º,79º,90º,110º,29º,29º,108º,93º,1º,13º,62º,16952.0,1.70‰,64º,46.0,50.908,0.15,5.25
2017,Hungary,39º,41.7,103º,0.67,28.1,94646,48591.0,46055.0,9.70‰,1.56,9233.0,31666.0,1224.0,3652.0,11.53%,31666.0,41088.0,4230.0,73.07,41º,75º,69º,121º,28º,20º,81º,77º,1º,8º,63º,18495.0,1.90‰,66º,45.0,51.163,0.15,5.26
2016,Hungary,33º,44.71,101º,0.6695,28.2,95361,48959.0,46402.0,9.80‰,1.55,9037.0,30467.0,1048.0,3442.0,11.30%,30467.0,39612.0,4067.0,72.74,40º,71º,66º,118º,28º,19º,78º,79º,1º,13º,63º,19552.0,2.00‰,57º,48.0,48.266,0.15,4.95
2015,Hungary,35º,43.0,99º,0.672,28.2,92135,47350.0,44785.0,9.40‰,1.46,9028.0,28934.0,1077.0,3338.0,11.54%,28934.0,38925.0,3980.2,72.36,40º,56º,83º,14º,52º,252º,110º,8º,0º,7º,89º,20315.0,2.10‰,50º,51.0,47.535,0.15,4.86
2014,Hungary,35º,44.61,93º,0.6759,28.6,93281,47836.0,45445.0,9.50‰,1.45,9092.0,27437.0,1024.0,3237.0,11.80%,27437.0,37196.0,3789.4,66.92,58º,24º,103º,159º,50º,55º,108º,95º,71º,20º,64º,19576.0,2.00‰,48º,54.0,44.822,0.15,4.57
2013,Hungary,31º,46.93,87º,0.6742,28.3,89524,45995.0,43529.0,9.10‰,1.36,8625.0,28273.0,749.0,2859.0,10.11%,28273.0,36487.0,3704.2,66.92,52º,,,,,,,,,,,20209.0,2.00‰,47º,54.0,44.788,0.16,4.55
2012,Hungary,31º,46.5,81º,0.6718,27.2,90269,46674.0,43595.0,9.10‰,1.34,9620.0,32587.0,724.0,2732.0,8.38%,32587.0,36870.0,3726.1,66.94,49º,,,,,,,,,,,21830.0,2.20‰,46º,55.0,47.644,0.17,4.83
2011,Hungary,25º,48.12,85º,0.6642,26.9,88049,45390.0,42659.0,8.80‰,1.23,10043.0,33811.0,890.0,2821.0,8.34%,33811.0,36670.0,3692.1,67.2,46º,,,,,,,,,,,23335.0,2.30‰,54º,46.0,51.427,0.18,5.2
2010,Hungary,,,79º,0.672,24.1,90335,46279.0,44056.0,9.00‰,1.25,9396.0,34961.0,862.0,3157.0,9.03%,34961.0,36355.0,3640.7,65.39,47º,,,,,,,,,,,23873.0,2.40‰,50º,47.0,52.335,0.19,5.27
2009,Hungary,,,65º,0.6879,24.7,96442,49565.0,46877.0,9.60‰,1.32,9325.0,33730.0,766.0,3010.0,8.92%,33730.0,35639.0,3558.8,,41º,,,,,,,,,,,23820.0,2.40‰,46º,51.0,51.689,0.19,5.19
2008,Hungary,,,60º,0.6867,25.2,99149,50823.0,48326.0,9.90‰,1.35,9013.0,37707.0,582.0,2469.0,6.55%,37707.0,37722.0,3760.5,,46º,,,,,,,,,,,25155.0,2.50‰,47º,50.0,57.825,0.19,5.79
2007,Hungary,,,61º,0.6731,25.6,97613,50033.0,47580.0,9.70‰,1.32,8914.0,37749.0,478.0,2027.0,5.37%,37749.0,37776.0,3760.5,,66º,,,,,,,,,,,25160.0,2.50‰,39º,53.0,59.133,0.2,5.9
2006,Hungary,,,55º,0.6698,33.3,99871,51116.0,48755.0,9.90‰,1.34,8881.0,33658.0,454.0,1623.0,4.82%,33658.0,36901.0,3665.8,,,,,,,,,,,,,24869.0,2.50‰,41º,52.0,60.667,0.21,6.03
2005,Hungary,,,,,27.6,97496,50327.0,47169.0,9.70‰,1.31,8844.0,33742.0,435.0,1940.0,5.75%,33742.0,36028.0,3575.4,,,,,,,,,,,,,24804.0,2.50‰,40º,50.0,61.205,0.22,6.07
2004,Hungary,,,,,,95137,48778.0,46359.0,9.40‰,1.28,8740.0,31860.0,270.0,960.0,3.01%,31860.0,35348.0,3500.7,,,,,,,,,,,,,24638.0,2.40‰,42º,40.0,60.809,0.22,6.01
2003,Hungary,,,,,,94647,48900.0,45800.0,9.30‰,1.27,8269.0,32224.0,126.0,367.0,1.14%,32224.0,34923.0,3452.0,,,,,,,,,,,,,25046.0,2.50‰,40º,48.0,62.671,0.24,6.18
2002,Hungary,,,,,24.0,96804,49700.0,47100.0,9.50‰,1.3,8474.0,34141.0,120.0,264.0,0.77%,34141.0,33998.0,3352.1,,,,,,,,,,,,,25506.0,2.50‰,33º,49.0,59.973,0.24,5.9
2001,Hungary,,,,,25.0,97047,50000.0,47000.0,9.50‰,1.31,8312.0,34388.0,79.0,311.0,0.90%,34388.0,32883.0,3231.8,,,,,,,,,,,,,24391.0,2.40‰,31º,53.0,61.002,0.26,5.98
2000,Hungary,,,,,26.0,97597,50200.0,47400.0,9.60‰,1.32,8191.0,33237.0,79.0,296.0,0.89%,33237.0,31837.0,3121.2,,,,,,,,,,,,,23987.0,2.30‰,32º,52.0,59.478,0.26,5.82
1999,Hungary,,,,,,94645,48900.0,45700.0,9.20‰,1.28,7725.0,35724.0,48.0,299.0,0.84%,35724.0,31895.0,3120.3,,,,,,,,,,,,,25605.0,2.50‰,31º,52.0,62.624,0.29,6.11
1998,Hungary,,,,,,97301,50000.0,47300.0,9.50‰,1.32,7730.0,35216.0,48.0,265.0,0.75%,35216.0,31040.0,3027.3,,,,,,,,,,,,,25763.0,2.50‰,33º,50.0,62.218,0.29,6.05
1997,Hungary,,,,,,100350,51900.0,48400.0,9.80‰,1.37,7393.0,33520.0,48.0,309.0,0.92%,33520.0,30933.0,3009.1,,,,,,,,,,,,,24992.0,2.40‰,28º,52.0,62.317,0.31,6.04
1996,Hungary,,,,,,105272,54200.0,51100.0,10.20‰,1.46,7395.0,33229.0,48.0,296.0,0.89%,33229.0,30740.0,2984.1,,,,,,,,,,,,,22590.0,2.20‰,31º,49.0,63.587,0.32,6.15
1995,Hungary,,,,,,112054,57600.0,54500.0,10.80‰,1.57,7263.0,32227.0,48.0,264.0,0.82%,32227.0,29883.0,2895.3,,,,,,,,,,,,,24857.0,2.40‰,28º,41.0,62.359,0.32,6.03
1994,Hungary,,,,,,115598,59400.0,56200.0,11.20‰,1.64,7179.0,31743.0,48.0,249.0,0.78%,31743.0,29590.0,2862.6,,,,,,,,,,,,,23417.0,2.30‰,,,62.451,0.32,6.03
1993,Hungary,,,,,,117033,60000.0,57000.0,11.30‰,1.68,7266.0,31163.0,48.0,241.0,0.77%,31163.0,29299.0,2830.9,,,,,,,,,,,,,22350.0,2.20‰,,,62.705,0.33,6.05
1992,Hungary,,,,,,121723,62500.0,59200.0,11.70‰,1.77,7143.0,30026.0,48.0,247.0,0.82%,30026.0,30514.0,2943.9,,,,,,,,,,,,,21607.0,2.10‰,,,61.713,0.32,5.96
1991,Hungary,,,,,,127206,65100.0,62100.0,12.30‰,1.87,7054.0,28360.0,48.0,240.0,0.85%,28360.0,31851.0,3070.4,,,,,,,,,,,,,24433.0,2.40‰,,,68.427,0.35,6.6
1990,Hungary,,,,,,125677,64200.0,61500.0,12.10‰,1.87,7110.0,26909.0,48.0,210.0,0.78%,26909.0,34143.0,3291.5,,,,,,,,,,,,,24888.0,2.40‰,,,72.321,0.33,6.97
1989,Hungary,,,,,,123304,63300.0,60000.0,11.80‰,1.82,7068.0,27854.0,48.0,156.0,0.56%,27854.0,34795.0,3353.8,,,,,,,,,,,,,24952.0,2.40‰,,,81.108,,7.8
1988,Hungary,,,,,,124296,63800.0,60500.0,11.70‰,1.81,7072.0,27520.0,48.0,167.0,0.61%,27520.0,34593.0,3267.0,,,,,,,,,,,,,23868.0,2.30‰,,,83.357,,7.99
1987,Hungary,,,,,,125840,64600.0,61300.0,11.90‰,1.82,6824.0,27998.0,48.0,167.0,0.60%,27998.0,34594.0,3262.2,,,,,,,,,,,,,29856.0,2.80‰,,,88.063,,8.41
1986,Hungary,,,,,,128204,65500.0,62700.0,12.10‰,1.84,6600.0,26404.0,48.0,152.0,0.58%,26404.0,33084.0,3114.9,,,,,,,,,,,,,29557.0,2.80‰,,,86.956,,8.27
1985,Hungary,,,,,,130200,66800.0,63400.0,12.20‰,1.85,6165.0,25211.0,48.0,153.0,0.61%,25211.0,32429.0,3047.8,,,,,,,,,,,,,29309.0,2.80‰,,,88.348,,8.36
1984,Hungary,,,,,,125359,64100.0,61300.0,11.80‰,1.75,6160.0,24743.0,48.0,179.0,0.72%,24743.0,31552.0,2960.6,,,,,,,,,,,,,28711.0,2.70‰,,,88.407,,8.33
1983,Hungary,,,,,,127258,65100.0,62200.0,11.90‰,1.75,5834.0,24256.0,48.0,153.0,0.63%,24256.0,30007.0,2810.0,,,,,,,,,,,,,29337.0,2.70‰,,,86.841,,8.14
1982,Hungary,,,,,,133559,68800.0,64800.0,12.50‰,1.8,5454.0,23208.0,48.0,158.0,0.68%,23208.0,28767.0,2688.5,,,,,,,,,,,,,28587.0,2.70‰,,,90.555,,8.45
1981,Hungary,,,,,,142890,72900.0,70000.0,13.30‰,1.88,5395.0,22687.0,48.0,166.0,0.73%,22687.0,27722.0,2588.2,,,,,,,,,,,,,27426.0,2.60‰,,,90.36,,8.41
1980,Hungary,,,,,,148673,76100.0,72600.0,13.90‰,1.91,5392.0,22364.0,48.0,111.0,0.50%,22364.0,27385.0,2556.3,,,,,,,,,,,,,27797.0,2.60‰,,,91.604,,8.52
1979,Hungary,,,,,,160364,82200.0,78200.0,15.00‰,2.01,,,,,,,,,,,,,,,,,,,,,27606.0,2.60‰,,,92.335,,8.6
1978,Hungary,,,,,,168160,86500.0,81700.0,15.70‰,2.06,,,,,,,,,,,,,,,,,,,,,28407.0,2.70‰,,,93.695,,8.76
1977,Hungary,,,,,,177574,91100.0,86500.0,16.70‰,2.15,,,,,,,,,,,,,,,,,,,,,27167.0,2.60‰,,,86.28,,8.11
1976,Hungary,,,,,,185405,95400.0,90100.0,17.50‰,2.23,,,,,,,,,,,,,,,,,,,,,27075.0,2.60‰,,,82.382,,7.79
1975,Hungary,,,,,,194240,99900.0,94300.0,18.40‰,2.35,,,,,,,,,,,,,,,,,,,,,25997.0,2.50‰,,,78.411,,7.45
1974,Hungary,,,,,,186288,95900.0,90400.0,17.80‰,2.27,,,,,,,,,,,,,,,,,,,,,24517.0,2.30‰,,,76.917,,7.33
1973,Hungary,,,,,,156224,80700.0,75600.0,15.00‰,1.93,,,,,,,,,,,,,,,,,,,,,25354.0,2.40‰,,,74.87,,7.16
1972,Hungary,,,,,,153265,79300.0,74000.0,14.70‰,1.93,,,,,,,,,,,,,,,,,,,,,24190.0,2.30‰,,,70.051,,6.72
1971,Hungary,,,,,,150640,77600.0,73000.0,14.50‰,1.93,,,,,,,,,,,,,,,,,,,,,23560.0,2.30‰,,,67.923,,6.53
1970,Hungary,,,,,,151819,78400.0,73500.0,14.70‰,1.98,,,,,,,,,,,,,,,,,,,,,22841.0,2.20‰,,,66.273,,6.39
1969,Hungary,,,,,,154318,79900.0,74400.0,15.00‰,2.04,,,,,,,,,,,,,,,,,,,,,21855.0,2.10‰,,,,,
1968,Hungary,,,,,,154419,79600.0,74800.0,15.10‰,2.06,,,,,,,,,,,,,,,,,,,,,21265.0,2.10‰,,,,,
1967,Hungary,,,,,,148886,76900.0,72000.0,14.60‰,2.01,,,,,,,,,,,,,,,,,,,,,21078.0,2.10‰,,,,,
1966,Hungary,,,,,,138489,71700.0,66800.0,13.60‰,1.89,,,,,,,,,,,,,,,,,,,,,20631.0,2.00‰,,,,,
1965,Hungary,,,,,,133009,68600.0,64400.0,13.10‰,1.82,,,,,,,,,,,,,,,,,,,,,20363.0,2.00‰,,,,,
1964,Hungary,,,,,,132141,68400.0,63800.0,13.10‰,1.82,,,,,,,,,,,,,,,,,,,,,19700.0,1.90‰,,,,,
1963,Hungary,,,,,,132335,68300.0,64100.0,13.10‰,1.82,,,,,,,,,,,,,,,,,,,,,18364.0,1.80‰,,,,,
1962,Hungary,,,,,,130053,67200.0,62900.0,12.90‰,1.79,,,,,,,,,,,,,,,,,,,,,17410.0,1.70‰,,,,,
1961,Hungary,,,,,,140365,72600.0,67800.0,14.00‰,1.94,,,,,,,,,,,,,,,,,,,,,17480.0,1.70‰,,,,,
1960,Hungary,,,,,,146461,75800.0,70700.0,14.70‰,2.02,,,,,,,,,,,,,,,,,,,,,16590.0,1.70‰,,,,,
