country,period,at_risk_poverty_people_at_risk_of_poverty,at_risk_poverty_threshold_single,at_risk_poverty_threshold_single_2,at_risk_poverty_threshold_household,at_risk_poverty_threshold_household_2,at_risk_poverty_percentage_risk_of_poverty,average_wage_nat_l_curr_average_wage,average_wage_average_wage,average_wage_2,co2_emission_co2_total_mt,co2_emission_co2_kg_per_1000_usd,co2_emission_co2_tons_per_capita,corruption_perceptions_index_corruption_ranking,corruption_perceptions_index_corruption_index,cpi_consumer_price_index_interannual,cpi_consumer_price_index_accum_since_january,cpi_consumer_price_index_monthly_variation,divorces_divorces,divorces_crude_divorce_rate,doing_business_index,doing_business_doing_business,doing_business_starting_a_business,doing_business_dealing_with_construction_permits,doing_business_getting_electricity,doing_business_registering_property,doing_business_credit,doing_business_minority_investors,doing_business_taxes,doing_business_trading,doing_business_contracts,doing_business_insolvency,electricity_consumption_generation_gwh,electricity_consumption_consumption_gwh,electricity_consumption_consumption_per_capita_kw,electricity_generation_installed_capacity_mw,electricity_generation_generation_gwh,electricity_generation_renewable_installed_capacity_mw,electricity_generation_renewable_generation_gwh,electricity_generation_renewable_percentage,fertility_live_births,fertility_live_births_males,fertility_live_births_females,fertility_birth_rate,fertility_rate,gini_index_gini_index,global_gender_gap_index_gender_gap_ranking,global_gender_gap_index_gender_gap_index,global_innovation_index_innovation_ranking,global_innovation_index_innovation_index,global_peace_index_global_peace_index,global_peace_index_global_peace_ranking,global_right_to_information_rating_rti_raking,global_right_to_information_rating_year_rti_law,global_right_to_information_rating_access,global_right_to_information_rating_scope,global_right_to_information_rating_requesting,global_right_to_information_rating_exceptions,global_right_to_information_rating_appeals,global_right_to_information_rating_sanctions,global_right_to_information_rating_promotion,global_right_to_information_rating_rti_rating,government_budget_deficit_deficit_m_eur,government_budget_deficit_deficit_usdm,government_budget_deficit_deficit_percentagegdp,government_defence_expenditure_defence_expenditure_m_eur,government_defence_expenditure_defence_expenditure_usdm,government_defence_expenditure_defence_expenditure_percentagebud,government_defence_expenditure_defence_expenditure_percentagegdp,government_defence_expenditure_defence_expenditure_p_c,government_defence_expenditure_defence_expenditure_p_c_2,government_education_expenditure_education_expenditure_m_eur,government_education_expenditure_education_expenditure_usdm,government_education_expenditure_education_expenditure_percentagebud,government_education_expenditure_education_expenditure_percentagegdp,government_education_expenditure_education_expenditure_p_c,government_education_expenditure_education_expenditure_p_c_2,government_health_expenditure_gov_health_exp_percentagetotal_government_private,government_health_expenditure_gov_health_exp_m_eur,government_health_expenditure_gov_health_exp_usdm,government_health_expenditure_gov_health_exp_percentagebud,government_health_expenditure_gov_health_exp_percentagegdp,government_health_expenditure_gov_health_exp_p_c,government_health_expenditure_gov_health_exp_p_c_2,gross_domestic_product_annual_gdp,gross_domestic_product_annual_gdp_2,gross_domestic_product_gdp_growth_percentage,human_development_index_hdi_hdi,human_development_index_hdi_hdi_ranking,intentional_homicides_number_of_homicides,intentional_homicides_female_homicides,intentional_homicides_male_homicides,intentional_homicides_female_homicides_by_familiy,intentional_homicides_male_homicides_by_familiy,intentional_homicides_rate_homicides_per_100_000,intentional_self_harm_female_suicides,intentional_self_harm_male_suicides,intentional_self_harm_suicides,intentional_self_harm_female_suicide_rate,intentional_self_harm_male_suicide_rate,intentional_self_harm_suicide_rate,life_expectancy_at_birth_life_expectancy_women,life_expectancy_at_birth_life_expectancy_men,life_expectancy_at_birth_life_expectancy,literacy_rate_adult_female,literacy_rate_adult_male,literacy_rate_adult_literacy_rate,literacy_rate_adult_15_24_female,literacy_rate_adult_15_24_male,literacy_rate_adult_15_24,marriages_marriages,marriages_age_at_first_marriage_females,marriages_age_at_first_marriage_males,marriages_total_first_marriage_rate_females,marriages_total_first_marriage_rate_males,marriages_crude_marriage_rate,merchandise_exports_exports,merchandise_exports_exports_2,merchandise_exports_exports_percentage_gdp,merchandise_imports_imports,merchandise_imports_imports_2,merchandise_imports_imports_percentage_gdp,mortality_deaths,mortality_deaths_males,mortality_deaths_females,mortality_crude_death_rate,national_debt_debt_m_eur,national_debt_debt_usdm,national_debt_debt_percentagegdp,national_debt_debt_per_capita,national_debt_debt_per_capita_2,population_density,population_male,population_female,population_population,population_pyramid_0_14_years_percentage,population_pyramid_15_64_years_percentage,population_pyramid_64_years_percentage,social_progress_index_spi_spi,social_progress_index_spi_spi_2,social_progress_index_spi_basic_human_needs,social_progress_index_spi_foundations_of_wellbeing,social_progress_index_spi_opportunity,total_prison_population_adults_female_held,total_prison_population_adults_female_held_per_100_000,total_prison_population_adults_male_held,total_prison_population_adults_male_held_per_100_000,total_prison_population_juveniles_held,total_prison_population_juveniles_held_per_100_000,total_prison_population_persons_in_detention,total_prison_population_rate_in_detention_per_100_000,trade_balance_trade_balance,trade_balance_2,trade_balance_coverage_rate,trade_balance_percentage_gdp,world_happiness_index_world_happiness_index,world_happiness_index_world_happiness_ranking
Hungary,2025,1313.0,5275.0,5961.0,11078.0,12518.0,14.0,8006720.0,26222.0,23206.0,,,,,,,,,,,,,,,,,,,,,,,,,,,,,,,73264.0,,,7.7,,29.5,,,,,,,,,,,,,,,,,-10206.0,-11532.0,-4.7,,,,,,,,,,,,,73.84,10542.3,,,4.82,1105.0,,218834.0,246490.0,0.5,,,,,,,,,,,,,,,,,,,,,,,,,,,,,,151556.0,171255.0,69.26,142890.0,161463.0,65.3,124831.0,,,13.1,168536.0,190442.0,74.6,17762.0,20071.0,102.0,,,9488430.0,,,,,,,,,,,,,,,,,8665.6,9792.0,106.06,3.96,5.937,74.0
Hungary,2024,1346.0,5093.0,5721.0,10695.0,12016.0,14.3,7326360.0,23103.0,21345.0,,,,,,,,,17732.0,1.9,,,,,,,,,,,,,36982.0,45012.0,4718.5,16577.0,36982.0,8621.0,12220.0,33.04,78868.0,40840.0,38028.0,8.2,1.41,28.0,101.0,0.686,36.0,39.6,1.502,14.0,76.0,1992.0,1.0,29.0,13.0,12.0,20.0,0.0,9.0,84.0,-10588.0,-10917.0,-5.1,4445.4,4805.3,4.43,2.16,465.0,501.0,,,,,,,73.84,9822.7,,,4.77,1027.0,,206156.0,222848.0,0.7,,,,,,,,,353.0,1248.0,1601.0,7.15,27.1,16.78,79.9,73.7,76.8,,,,,,,46561.0,29.8,32.5,0.67,0.6,4.9,147157.0,159280.0,71.38,138803.0,150238.0,67.33,128079.0,62377.0,65702.0,13.4,145538.0,163845.0,73.5,15256.0,17175.0,103.0,4605670.0,4933840.0,9539500.0,14.35,64.78,20.87,,,,,,,,,,,,,,8354.4,9042.6,106.02,4.05,5.915,69.0
Hungary,2023,1304.0,4435.0,4816.0,9313.0,10113.0,13.8,6505860.0,20683.0,19127.0,43.825,0.11,4.61,76.0,42.0,,,,16791.0,1.8,,,,,,,,,,,,,34080.0,42725.0,4457.6,14717.0,34080.0,6757.0,9151.0,26.85,87671.0,45081.0,42590.0,9.1,1.55,28.6,99.0,0.689,35.0,41.3,1.528,18.0,69.0,1992.0,1.0,29.0,15.0,12.0,20.0,0.0,9.0,86.0,-13758.0,-14448.0,-7.0,4037.2,4366.1,4.18,2.05,421.0,455.0,,,,,,,73.67,9290.0,10000.2,9.51,4.72,969.0,1042.0,196984.0,213030.0,-0.8,,,70.0,31.0,39.0,26.0,17.0,0.72,351.0,1242.0,1593.0,6.98,26.49,16.39,79.8,73.4,76.7,,,,,,,50139.0,30.2,32.9,0.7,0.63,5.2,153974.0,160720.0,78.17,144136.0,155879.0,73.17,128839.0,63114.0,65725.0,13.4,144025.0,156219.0,73.3,15027.0,16299.0,103.0,4623380.0,4961250.0,9584630.0,14.45,64.85,20.69,77.47,40.0,,,,1462.0,,16331.0,,146.0,,17939.0,185.2,9838.3,4988.5,103.11,4.99,6.017,56.0
Hungary,2022,1272.0,4350.0,4407.0,9135.0,9254.0,13.5,5637600.0,16891.0,16041.0,47.601,0.12,4.98,77.0,42.0,,,,17695.0,1.8,,,,,,,,,,,,,33814.0,43183.0,4498.4,13226.0,33814.0,5155.0,7675.0,22.7,89669.0,46077.0,43592.0,9.3,1.57,26.9,88.0,0.699,34.0,39.8,1.46,13.0,65.0,1992.0,1.0,29.0,15.0,12.0,20.0,0.0,9.0,86.0,-10459.0,-11005.0,-6.2,3089.7,3244.7,3.76,1.83,322.0,339.0,6406.8,6748.5,7.8,3.8,667.0,703.0,72.97,8200.5,8577.3,9.92,4.87,850.0,893.0,168546.0,177003.0,4.2,0.851,47.0,94.0,44.0,50.0,36.0,16.0,0.97,390.0,1257.0,1647.0,7.83,26.8,16.97,79.2,72.6,75.9,,,,,,,63967.0,29.8,32.5,0.9,0.81,6.6,148156.0,151672.0,87.9,156094.0,165136.0,92.61,136823.0,66953.0,69870.0,14.2,121872.0,131703.0,74.1,12695.0,13719.0,103.0,4625260.0,4974480.0,9599740.0,14.51,64.95,20.54,77.62,41.0,31.0,45.0,43.0,1413.0,,17784.0,,150.0,,19347.0,199.8,-7938.4,-13463.1,91.85,-4.71,6.041,51.0
Hungary,2021,1250.0,3963.0,4693.0,8322.0,9857.0,13.2,4730190.0,17918.0,15150.0,50.253,0.13,5.24,73.0,43.0,,,,,1.9,,,,,,,,,,,,,34262.0,43964.0,4574.6,11977.0,34262.0,3906.0,7107.0,20.74,94003.0,48483.0,45520.0,9.8,1.63,27.4,99.0,0.688,34.0,42.7,1.461,13.0,63.0,1992.0,2.0,29.0,15.0,12.0,20.0,0.0,9.0,87.0,-11019.0,-13032.0,-7.1,2038.2,2410.6,2.73,1.32,212.0,250.0,7212.5,8530.1,9.68,4.65,749.0,884.0,72.45,8236.1,9709.4,11.02,5.32,855.0,1006.0,154972.0,183283.0,7.2,0.846,46.0,75.0,26.0,49.0,19.0,15.0,0.77,358.0,1203.0,1561.0,7.08,25.7,16.0,77.6,70.7,74.1,99.1,99.1,99.1,98.9,98.5,98.7,72030.0,29.7,32.4,1.02,0.92,7.4,119912.0,141830.0,77.38,120926.0,142917.0,78.03,156131.0,77401.0,78730.0,16.2,114698.0,139689.0,76.2,11935.0,14535.0,103.0,4628880.0,4981530.0,9610400.0,14.49,65.08,20.43,77.68,39.0,27.0,46.0,43.0,1421.0,,17042.0,,160.0,,18623.0,191.8,-1013.4,-191.5,99.24,-0.65,6.086,51.0
Hungary,2020,1324.0,3630.0,4440.0,7622.0,9324.0,13.9,4343130.0,16402.0,14360.0,49.004,0.14,5.09,69.0,44.0,,,,14979.0,1.5,73.42,52.0,87.0,108.0,125.0,29.0,37.0,97.0,56.0,1.0,26.0,66.0,33066.0,41604.0,4310.7,11071.0,33066.0,3024.0,5719.0,17.3,93807.0,48273.0,45534.0,9.7,1.61,28.2,105.0,0.677,35.0,41.53,1.568,20.0,62.0,1992.0,2.0,29.0,15.0,12.0,20.0,0.0,9.0,87.0,-10403.0,-11864.0,-7.5,2427.1,2829.6,3.44,1.79,249.0,256.0,5728.6,6533.1,8.08,4.12,592.0,674.0,70.79,7112.6,8074.9,9.99,5.12,736.0,833.0,138955.0,158468.0,-4.3,0.849,43.0,80.0,39.0,41.0,29.0,15.0,0.82,395.0,1311.0,1706.0,7.78,27.76,17.35,78.8,72.2,75.5,,,,,,,67095.0,29.5,32.3,0.94,0.85,6.9,105428.0,120654.0,75.87,101416.0,116020.0,72.99,141326.0,68858.0,72468.0,14.6,105541.0,124693.0,78.7,10935.0,12920.0,104.0,4647360.0,5004100.0,9651460.0,14.49,65.3,20.2,77.57,40.0,27.0,46.0,43.0,1280.0,,15334.0,,138.0,,16752.0,171.8,4012.0,4885.0,103.99,2.89,5.992,53.0
Hungary,2019,1329.0,3505.0,3931.0,7361.0,8255.0,14.0,4090240.0,15809.0,14121.0,50.776,0.14,5.26,70.0,44.0,,,,17600.0,1.8,72.28,53.0,82.0,110.0,122.0,30.0,32.0,110.0,86.0,1.0,22.0,65.0,32383.0,41675.0,4301.1,10349.0,32383.0,2288.0,4890.0,15.1,93100.0,47984.0,45116.0,9.6,1.58,26.8,,,33.0,44.51,1.618,26.0,63.0,1992.0,2.0,29.0,15.0,12.0,20.0,0.0,9.0,87.0,-2983.0,-3339.0,-2.0,1832.2,2068.5,2.74,1.25,188.0,210.0,6191.8,6929.7,9.16,4.2,639.0,714.0,68.67,6322.0,7039.7,9.31,4.29,652.0,726.0,147373.0,164937.0,5.1,0.854,46.0,65.0,31.0,34.0,23.0,19.0,0.67,392.0,1158.0,1550.0,7.68,24.62,15.79,79.5,72.9,76.3,,,,,,,65268.0,29.6,32.4,0.89,0.81,6.7,110579.0,123796.0,75.03,107727.0,120590.0,73.1,129892.0,63018.0,66874.0,13.4,94260.0,107183.0,65.0,9728.0,11062.0,104.0,4663880.0,5025500.0,9689380.0,14.47,65.76,19.77,77.22,40.0,23.0,43.0,43.0,1246.0,30.0,14912.0,406.2,176.0,11.2,16334.0,167.2,2851.9,3801.6,102.66,1.94,6.0,53.0
Hungary,2018,1227.0,3254.0,3843.0,6834.0,8071.0,12.8,3696810.0,15250.0,12913.0,50.908,0.15,5.25,64.0,46.0,,,,16952.0,1.7,72.39,48.0,79.0,90.0,110.0,29.0,29.0,108.0,93.0,1.0,13.0,62.0,30769.0,41760.0,4305.1,9650.0,30769.0,1630.0,3953.0,12.85,93467.0,48008.0,45459.0,9.6,1.57,28.7,102.0,0.674,33.0,44.94,1.636,26.0,62.0,1992.0,2.0,29.0,15.0,12.0,20.0,0.0,9.0,87.0,-2795.0,-3299.0,-2.0,1368.8,1623.0,2.18,1.01,140.0,183.0,6290.4,7423.7,10.03,4.61,648.0,764.0,69.55,6226.4,7313.2,9.88,4.56,641.0,753.0,136580.0,161185.0,5.6,0.85,47.0,86.0,43.0,43.0,10.0,6.0,0.88,380.0,1276.0,1656.0,7.45,27.07,16.83,79.4,72.6,76.0,,,,,,,50828.0,29.6,32.4,0.66,0.6,5.2,105573.0,124705.0,77.3,102261.0,120741.0,74.87,131247.0,64139.0,67108.0,13.5,93377.0,110921.0,68.8,9626.0,11435.0,104.0,4660860.0,5039420.0,9700270.0,14.49,66.28,19.23,76.9,40.0,27.0,41.0,42.0,1197.0,29.6,14905.0,420.4,201.0,11.9,16303.0,166.8,3312.2,4113.3,103.28,2.43,5.758,62.0
Hungary,2017,1293.0,2993.0,3381.0,6285.0,7100.0,13.4,3407450.0,13631.0,12066.0,51.163,0.15,5.26,66.0,45.0,,,,18495.0,1.9,73.07,41.0,75.0,69.0,121.0,28.0,20.0,81.0,77.0,1.0,8.0,63.0,31666.0,41088.0,4230.0,9233.0,31666.0,1224.0,3652.0,11.53,94646.0,48591.0,46055.0,9.7,1.56,28.1,103.0,0.67,39.0,41.7,1.638,26.0,54.0,1992.0,2.0,29.0,15.0,12.0,20.0,0.0,9.0,87.0,-3123.0,-3519.0,-2.5,1516.1,1712.6,2.55,1.19,155.0,150.0,5903.6,6651.2,9.95,4.64,607.0,683.0,68.9,5902.4,6607.4,9.88,4.64,607.0,678.0,127223.0,143335.0,4.1,0.846,47.0,160.0,44.0,116.0,24.0,18.0,1.64,393.0,1241.0,1634.0,7.68,26.49,16.66,79.1,72.4,75.9,,,,,,,50572.0,29.4,32.3,0.65,0.59,5.2,100752.0,113806.0,79.19,95157.4,107519.0,74.8,131877.0,64171.0,67706.0,13.6,91266.0,103204.0,72.0,9396.0,10625.0,104.0,4658680.0,5054970.0,9713660.0,14.5,66.66,18.84,76.84,39.0,28.0,42.0,41.0,1268.0,29.6,15838.0,421.4,237.0,14.0,17343.0,177.2,5595.0,6287.3,105.85,4.4,5.62,69.0
Hungary,2016,1398.0,2861.0,3167.0,6007.0,6649.0,14.5,3078960.0,11882.0,10735.0,48.266,0.15,4.95,57.0,48.0,,,,19552.0,2.0,72.74,40.0,71.0,66.0,118.0,28.0,19.0,78.0,79.0,1.0,13.0,63.0,30467.0,39612.0,4067.0,9037.0,30467.0,1048.0,3442.0,11.3,95361.0,48959.0,46402.0,9.8,1.55,28.2,101.0,0.6695,33.0,44.71,1.548,20.0,53.0,1992.0,2.0,29.0,15.0,12.0,20.0,0.0,9.0,87.0,-2089.0,-2311.0,-1.8,1164.9,1321.1,2.2,1.02,119.0,131.0,5365.8,5936.0,9.86,4.6,550.0,607.0,68.08,5530.5,6085.2,10.11,4.74,567.0,622.0,116594.0,128984.0,2.4,0.843,47.0,202.0,82.0,120.0,25.0,16.0,2.06,446.0,1317.0,1763.0,8.69,28.09,17.94,79.4,72.5,76.1,,,,,,,51805.0,29.2,32.1,0.66,0.61,5.3,92073.2,101919.0,78.97,84828.9,93880.2,72.76,127098.0,62673.0,64425.0,13.0,87485.0,96281.0,74.6,8982.0,9885.0,105.0,4663750.0,5076100.0,9739860.0,14.5,66.93,18.57,76.16,40.0,28.0,41.0,41.0,1280.0,29.8,16071.0,426.7,223.0,13.2,17658.0,180.0,7244.3,8039.5,108.56,6.21,5.324,75.0
Hungary,2015,1448.0,2734.0,3033.0,5741.0,6370.0,14.9,3000200.0,11355.0,10234.0,47.535,0.15,4.86,50.0,51.0,,,,20315.0,2.1,72.36,40.0,56.0,83.0,14.0,52.0,252.0,110.0,8.0,0.0,7.0,89.0,28934.0,38925.0,3980.2,9028.0,28934.0,1077.0,3338.0,11.54,92135.0,47350.0,44785.0,9.4,1.46,28.2,99.0,0.672,35.0,43.0,1.579,25.0,,,,,,,,,,,-2260.0,-2508.0,-2.0,1020.5,1154.3,1.84,0.92,104.0,115.0,5070.4,5627.1,8.92,4.49,518.0,573.0,68.17,5269.8,5815.6,9.22,4.67,538.0,592.0,112854.0,125244.0,3.7,0.839,47.0,221.0,102.0,119.0,64.0,42.0,2.25,479.0,1391.0,1870.0,9.3,29.5,18.93,78.8,72.2,75.6,,,,,,,46137.0,29.2,32.0,0.58,0.53,4.7,88846.1,98524.3,78.73,82947.3,91973.4,73.5,131575.0,63475.0,68100.0,13.4,83840.0,94840.0,75.7,8573.0,9698.0,105.0,4678480.0,5101170.0,9779650.0,14.48,67.33,18.19,76.59,39.0,30.0,40.0,41.0,1235.0,28.7,15862.0,420.8,352.0,20.6,17449.0,177.3,5898.8,6550.9,107.12,5.23,5.145,91.0
Hungary,2014,1458.0,2707.0,3637.0,5686.0,7640.0,15.0,2956860.0,13140.0,9891.0,44.822,0.15,4.57,48.0,54.0,,,,19576.0,2.0,66.92,58.0,24.0,103.0,159.0,50.0,55.0,108.0,95.0,71.0,20.0,64.0,27437.0,37196.0,3789.4,9092.0,27437.0,1024.0,3237.0,11.8,93281.0,47836.0,45445.0,9.5,1.45,28.6,93.0,0.6759,35.0,44.61,1.496,17.0,49.0,1992.0,2.0,29.0,15.0,12.0,20.0,0.0,9.0,87.0,-2949.0,-3913.0,-2.8,911.6,1218.5,1.75,0.86,92.0,122.0,4890.1,6490.2,9.19,4.6,497.0,659.0,67.08,5022.7,6630.9,9.39,4.72,511.0,673.0,106335.0,141129.0,4.3,0.84,45.0,146.0,67.0,79.0,36.0,21.0,1.48,447.0,1480.0,1927.0,8.67,31.39,19.49,79.2,72.2,75.8,99.1,99.16,99.1,99.0,98.69,98.8,38780.0,29.3,32.1,0.47,0.43,3.9,83266.1,110622.0,78.31,78978.3,104897.0,74.27,126294.0,61998.0,64296.0,12.8,79576.0,107950.0,76.5,8107.0,10998.0,106.0,4687440.0,5128420.0,9815860.0,14.46,67.7,17.84,76.71,36.0,32.0,35.0,40.0,1332.0,30.9,16134.0,427.5,424.0,24.6,17890.0,181.4,4287.8,5725.4,105.46,4.03,4.8,104.0
Hungary,2013,1461.0,2670.0,3608.0,5606.0,7578.0,15.0,2968320.0,13129.0,9886.0,44.788,0.16,4.55,47.0,54.0,,,,20209.0,2.0,66.92,52.0,,,,,,,,,,,28273.0,36487.0,3704.2,8625.0,28273.0,749.0,2859.0,10.11,89524.0,45995.0,43529.0,9.1,1.36,28.3,87.0,0.6742,31.0,46.93,1.536,16.0,45.0,1992.0,2.0,29.0,14.0,12.0,20.0,0.0,9.0,86.0,-2656.0,-3524.0,-2.6,912.0,1214.2,1.82,0.9,92.0,129.0,4283.0,5684.1,8.37,4.19,434.0,574.0,66.62,4927.8,6499.1,9.57,4.82,499.0,657.0,102211.0,135646.0,2.0,0.843,42.0,154.0,71.0,83.0,38.0,17.0,1.56,505.0,1588.0,2093.0,9.68,33.61,21.08,79.1,72.2,75.8,,,,,,,36986.0,29.0,31.9,0.44,0.41,3.7,80945.1,107503.0,79.19,75379.4,100111.0,73.75,126677.0,61820.0,64857.0,12.8,78882.0,104746.0,77.2,8008.0,10634.0,106.0,4697450.0,5152770.0,9850220.0,14.42,68.09,17.5,77.42,32.0,,,,1336.0,31.0,16027.0,424.6,478.0,27.4,17841.0,180.4,5565.7,7391.9,107.38,5.45,,
Hungary,2012,1403.0,2818.0,3664.0,5917.0,7695.0,14.3,2958590.0,12615.0,9819.0,47.644,0.17,4.83,46.0,55.0,,,,21830.0,2.2,66.94,49.0,,,,,,,,,,,32587.0,36870.0,3726.1,9620.0,32587.0,724.0,2732.0,8.38,90269.0,46674.0,43595.0,9.1,1.34,27.2,81.0,0.6718,31.0,46.5,1.538,16.0,42.0,1992.0,2.0,30.0,12.0,13.0,24.0,0.0,6.0,87.0,-2330.0,-2994.0,-2.3,1028.9,1328.5,2.13,1.03,104.0,133.0,4152.8,5336.1,8.43,4.15,419.0,537.0,65.51,4866.6,6189.6,9.78,4.87,491.0,623.0,99980.0,128470.0,-1.3,0.833,44.0,124.0,58.0,66.0,36.0,14.0,1.25,547.0,1803.0,2350.0,10.54,38.15,23.68,78.7,71.6,75.3,,,,,,,36161.0,,,,,3.6,80611.6,103570.0,80.63,74078.3,95175.8,74.09,129440.0,63504.0,65936.0,13.0,77531.0,100674.0,78.4,7835.0,10174.0,106.0,4713020.0,5182220.0,9895250.0,14.43,68.41,17.15,77.1,32.0,,,,1225.0,28.4,15440.0,409.3,514.0,29.0,17179.0,173.2,6533.3,8394.0,108.82,6.53,4.775,110.0
Hungary,2011,1382.0,2696.0,3788.0,5661.0,7954.0,14.1,2897980.0,13183.0,9470.0,51.427,0.18,5.2,54.0,46.0,,,,23335.0,2.3,67.2,46.0,,,,,,,,,,,33811.0,36670.0,3692.1,10043.0,33811.0,890.0,2821.0,8.34,88049.0,45390.0,42659.0,8.8,1.23,26.9,85.0,0.6642,25.0,48.12,1.578,21.0,51.0,1992.0,2.0,22.0,12.0,13.0,24.0,0.0,6.0,79.0,-5324.0,-7397.0,-5.2,1000.4,1399.3,2.0,0.99,100.0,147.0,4661.4,6477.1,9.3,4.57,468.0,649.0,66.5,5081.9,7031.7,10.1,4.98,510.0,704.0,101987.0,141713.0,1.9,0.833,41.0,145.0,42.0,103.0,21.0,21.0,1.46,575.0,1847.0,2422.0,10.97,38.8,24.2,78.7,71.2,75.1,,,,,,,35812.0,28.6,31.6,0.39,0.36,3.6,80683.7,112312.0,79.11,73591.7,102440.0,72.16,128795.0,63883.0,64912.0,12.9,72882.0,114034.0,80.5,7338.0,11482.0,107.0,4724670.0,5207260.0,9931920.0,14.5,68.62,16.87,77.13,31.0,,,,1216.0,28.2,15470.0,410.6,524.0,29.0,17210.0,173.0,7091.9,9872.0,109.64,6.95,4.943,96.0
Hungary,2010,1211.0,2544.0,3373.0,5343.0,7083.0,12.3,2766370.0,12089.0,9119.0,52.335,0.19,5.27,50.0,47.0,,,,23873.0,2.4,65.39,47.0,,,,,,,,,,,34961.0,36355.0,3640.7,9396.0,34961.0,862.0,3157.0,9.03,90335.0,46279.0,44056.0,9.0,1.25,24.1,79.0,0.672,,,1.523,16.0,,,,,,,,,,,-4417.0,-5851.0,-4.4,1022.2,1364.3,2.1,1.03,102.0,135.0,4713.0,6243.6,9.68,4.73,471.0,623.0,67.08,4984.8,6559.4,10.17,5.01,498.0,655.0,99563.0,131899.0,1.1,0.829,40.0,138.0,61.0,77.0,29.0,13.0,1.38,547.0,1945.0,2492.0,10.4,40.9,24.9,78.6,70.7,74.7,,,,,,,35520.0,28.3,31.2,0.39,0.36,3.6,72024.3,95482.6,72.34,66514.2,88177.9,66.81,130456.0,65137.0,65319.0,13.0,79115.0,105749.0,80.2,7923.0,10590.0,107.0,4743900.0,5241820.0,9985720.0,14.59,68.67,16.74,,,,,,1009.0,23.4,14758.0,392.2,561.0,30.4,16328.0,163.6,5510.0,7304.7,108.28,5.53,,
Hungary,2009,1229.0,2844.0,3967.0,5972.0,8330.0,12.4,2618840.0,12122.0,8691.0,51.689,0.19,5.19,46.0,51.0,,,,23820.0,2.4,,41.0,,,,,,,,,,,33730.0,35639.0,3558.8,9325.0,33730.0,766.0,3010.0,8.92,96442.0,49565.0,46877.0,9.6,1.32,24.7,65.0,0.6879,,,1.526,17.0,,,,,,,,,,,-4494.0,-6225.0,-4.8,1067.6,1481.5,2.25,1.13,107.0,147.0,4679.5,6483.2,9.78,4.96,467.0,646.0,68.3,4666.8,6435.2,9.71,4.94,466.0,642.0,94417.0,130807.0,-6.7,0.826,42.0,139.0,63.0,76.0,38.0,24.0,1.39,559.0,1902.0,2461.0,10.6,40.0,24.6,78.4,70.3,74.4,,,,,,,36730.0,28.0,30.8,0.4,0.36,3.7,59512.4,83008.1,63.03,55750.2,77760.6,59.05,130414.0,66324.0,64090.0,13.0,76528.0,102276.0,78.2,7642.0,10213.0,108.0,4756900.0,5257420.0,10014300.0,14.75,68.64,16.61,,,,,,989.0,22.9,13931.0,370.0,512.0,27.4,15432.0,154.3,3762.2,5247.5,106.75,3.98,,
Hungary,2008,1226.0,2640.0,3883.0,5544.0,8154.0,12.4,2666600.0,13661.0,9288.0,57.825,0.19,5.79,47.0,50.0,,,,25155.0,2.5,,46.0,,,,,,,,,,,37707.0,37722.0,3760.5,9013.0,37707.0,582.0,2469.0,6.55,99149.0,50823.0,48326.0,9.9,1.35,25.2,60.0,0.6867,,,1.415,8.0,,,,,,,,,,,-4098.0,-5989.0,-3.8,1285.6,1881.3,2.45,1.19,128.0,186.0,5382.2,7865.1,10.19,4.97,536.0,783.0,68.87,5289.1,7603.0,9.85,4.89,527.0,757.0,108279.0,158228.0,1.0,0.824,43.0,181.0,70.0,111.0,37.0,33.0,1.81,566.0,1911.0,2477.0,10.7,40.1,24.7,78.3,70.0,74.2,,,,,,,40105.0,27.5,30.4,0.44,0.4,4.0,73772.1,108504.0,68.13,74068.7,108940.0,68.41,130027.0,66269.0,63758.0,13.0,73317.0,113609.0,71.8,7309.0,11326.0,108.0,4763050.0,5267920.0,10031000.0,14.88,68.77,16.35,,,,,,923.0,21.3,13289.0,352.5,531.0,28.1,14743.0,147.2,-296.5,-436.1,99.6,-0.27,,
Hungary,2007,1221.0,2361.0,3236.0,4959.0,6796.0,12.3,2480190.0,11757.0,8578.0,59.133,0.2,5.9,39.0,53.0,,,,25160.0,2.5,,66.0,,,,,,,,,,,37749.0,37776.0,3760.5,8914.0,37749.0,478.0,2027.0,5.37,97613.0,50033.0,47580.0,9.7,1.32,25.6,61.0,0.6731,,,,,,,,,,,,,,,-5206.0,-7126.0,-5.1,1297.8,1779.9,2.55,1.27,129.0,177.0,5258.9,7198.5,10.3,5.14,523.0,715.0,68.87,5081.0,6845.9,9.79,4.96,505.0,680.0,102368.0,140123.0,0.3,0.818,43.0,154.0,63.0,91.0,46.0,34.0,1.53,571.0,1879.0,2450.0,10.8,39.4,24.4,77.8,69.4,73.6,,,,,,,40842.0,27.2,30.1,0.44,0.41,4.1,69609.5,95399.8,68.0,69730.2,95565.3,68.12,132938.0,68241.0,64697.0,13.2,66503.0,91893.0,65.6,6620.0,9148.0,108.0,4769560.0,5275840.0,10045400.0,15.02,68.81,16.17,,,,,,899.0,20.7,13010.0,344.5,444.0,23.2,14353.0,143.0,-120.7,-165.4,99.83,-0.12,,
Hungary,2006,1578.0,2310.0,2900.0,4850.0,6090.0,15.9,2345770.0,9433.0,7513.0,60.667,0.21,6.03,41.0,52.0,,,,24869.0,2.5,,,,,,,,,,,,,33658.0,36901.0,3665.8,8881.0,33658.0,454.0,1623.0,4.82,99871.0,51116.0,48755.0,9.9,1.34,33.3,55.0,0.6698,,,,,,,,,,,,,,,-8531.0,-10715.0,-9.3,1052.0,1324.9,2.23,1.15,104.0,140.0,4873.3,6121.1,10.3,5.29,484.0,607.0,70.75,5069.6,6332.1,10.66,5.51,503.0,628.0,92038.0,115604.0,3.9,0.815,42.0,174.0,74.0,100.0,36.0,29.0,1.73,600.0,1861.0,2461.0,11.3,38.9,24.4,77.8,69.2,73.5,,,,,,,44528.0,27.0,29.8,0.47,0.44,4.4,59935.8,75255.4,65.12,62330.6,78262.3,67.72,131603.0,67851.0,63752.0,13.1,62299.0,74552.0,64.5,6189.0,7406.0,108.0,4779080.0,5287080.0,10066200.0,15.2,68.86,15.95,,,,,,942.0,21.7,13412.0,354.5,468.0,24.3,14822.0,147.5,-2394.8,-3007.0,96.16,-2.6,,
Hungary,2005,1342.0,2068.0,2573.0,4344.0,5404.0,13.5,2231200.0,9107.0,7321.0,61.205,0.22,6.07,40.0,50.0,,,,24804.0,2.5,,,,,,,,,,,,,33742.0,36028.0,3575.4,8844.0,33742.0,435.0,1940.0,5.75,97496.0,50327.0,47169.0,9.7,1.31,27.6,,,,,,,,,,,,,,,,,-7086.0,-8806.0,-7.8,1261.5,1568.7,2.81,1.39,125.0,158.0,4846.1,6022.9,10.79,5.33,480.0,596.0,70.69,5141.4,6341.8,11.36,5.65,510.0,628.0,91000.0,113098.0,4.3,0.807,42.0,164.0,76.0,88.0,51.0,21.0,1.63,593.0,2028.0,2621.0,11.2,42.3,26.0,77.2,68.7,73.0,,,,,,,44234.0,26.7,29.4,0.47,0.44,4.4,50587.9,62936.4,55.59,53494.3,66552.2,58.79,135732.0,69781.0,65951.0,13.5,54076.0,68513.0,60.6,5366.0,6799.0,108.0,4784580.0,5292000.0,10076600.0,15.42,68.8,15.79,,,,,,980.0,22.5,14292.0,376.9,483.0,24.9,15755.0,156.5,-2906.4,-3615.8,94.57,-3.19,,
Hungary,2004,,,,,,13.5,2062610.0,8379.0,6736.0,60.809,0.22,6.01,42.0,40.0,,,,24638.0,2.4,,,,,,,,,,,,,31860.0,35348.0,3500.7,8740.0,31860.0,270.0,960.0,3.01,95137.0,48778.0,46359.0,9.4,1.28,,,,,,,,,,,,,,,,,,-5528.0,-6862.0,-6.6,1234.7,1532.6,3.02,1.47,122.0,151.0,4469.0,5547.2,10.93,5.33,442.0,548.0,70.39,4580.9,5624.1,11.09,5.47,453.0,556.0,83798.0,104015.0,5.0,0.802,42.0,209.0,88.0,121.0,,,2.07,655.0,2087.0,2742.0,12.3,43.5,27.1,77.2,68.7,73.0,,,,,,,43791.0,26.4,29.2,0.45,0.43,4.3,44671.4,55566.7,53.31,48668.2,60538.3,58.08,132492.0,68381.0,64111.0,13.1,50505.0,61272.0,58.9,5002.0,6068.0,109.0,4793120.0,5304430.0,10097500.0,15.64,68.73,15.62,,,,,,979.0,22.5,15119.0,398.9,448.0,22.7,16546.0,164.1,-3996.8,-4971.6,91.79,-4.77,,
Hungary,2003,,2196.0,2484.0,4612.0,5217.0,12.0,1830200.0,6939.0,6134.0,62.671,0.24,6.18,40.0,48.0,,,,25046.0,2.5,,,,,,,,,,,,,32224.0,34923.0,3452.0,8269.0,32224.0,126.0,367.0,1.14,94647.0,48900.0,45800.0,9.3,1.27,,,,,,,,,,,,,,,,,,-5418.0,-6126.0,-7.2,1239.6,1401.6,3.35,1.65,122.0,138.0,4369.0,4940.0,11.79,5.8,431.0,487.0,70.54,4321.0,4846.9,11.57,5.74,427.0,478.0,75344.0,85190.0,3.9,0.798,42.0,228.0,91.0,137.0,,,2.26,640.0,2161.0,2801.0,12.0,44.9,27.7,76.7,68.4,72.6,,,,,,,45398.0,26.0,28.9,0.47,0.45,4.5,38096.0,43094.2,50.56,42263.3,47808.2,56.09,135823.0,70016.0,65807.0,13.4,42348.0,49559.0,58.2,4186.0,4899.0,109.0,4804110.0,5312630.0,10116700.0,15.88,68.63,15.49,,,,,,989.0,22.8,,,,,16860.0,166.8,-4167.3,-4714.0,90.14,-5.53,,
Hungary,2002,,2028.0,1918.0,4259.0,4027.0,10.0,1623450.0,5544.0,5863.0,59.973,0.24,5.9,33.0,49.0,,,,25506.0,2.5,,,,,,,,,,,,,34141.0,33998.0,3352.1,8474.0,34141.0,120.0,264.0,0.77,96804.0,49700.0,47100.0,9.5,1.3,24.0,,,,,,,,,,,,,,,,,-6313.0,-5948.0,-8.8,1145.5,1079.2,3.13,1.6,113.0,106.0,3716.4,3501.6,10.16,5.18,366.0,344.0,69.57,3554.7,3333.2,9.67,4.95,350.0,328.0,71785.0,67630.0,4.7,0.791,42.0,203.0,87.0,116.0,,,2.0,648.0,2195.0,2843.0,12.2,45.5,28.0,76.7,68.3,72.6,,,,,,,46008.0,25.7,28.5,0.47,0.45,4.5,36503.1,34517.3,50.85,39926.9,37754.9,55.62,132833.0,68837.0,63996.0,13.1,41007.0,37576.0,55.6,4043.0,3705.0,109.0,4818460.0,5323910.0,10142400.0,16.11,68.52,15.37,,,,,,,,,,,,,,-3423.8,-3237.6,91.42,-4.77,,
Hungary,2001,,1722.0,1542.0,3616.0,3238.0,11.0,1457010.0,4393.0,4905.0,61.002,0.26,5.98,31.0,53.0,,,,24391.0,2.4,,,,,,,,,,,,,34388.0,32883.0,3231.8,8312.0,34388.0,79.0,311.0,0.9,97047.0,50000.0,47000.0,9.5,1.31,25.0,,,,,,,,,,,,,,,,,-2400.0,-2150.0,-4.0,943.5,845.1,3.33,1.57,93.0,83.0,2959.3,2650.4,10.44,4.93,291.0,260.0,68.17,2792.6,2454.7,9.66,4.65,274.0,241.0,60069.0,53800.0,4.1,0.782,43.0,254.0,85.0,169.0,,,2.5,697.0,2282.0,2979.0,13.0,47.1,29.2,76.7,68.2,72.5,,,,,,,43583.0,25.2,28.2,0.44,0.43,4.3,33983.0,30435.5,56.57,37535.0,33616.6,62.49,132183.0,68389.0,63794.0,13.0,32818.0,28086.0,52.2,3225.0,2760.0,109.0,4836980.0,5337870.0,10174900.0,16.32,68.43,15.25,,,,,,,,,,,,,,-3552.0,-3181.1,90.54,-5.91,,
Hungary,2000,,1329.0,1227.0,2791.0,2578.0,11.0,1234960.0,3858.0,4177.0,59.478,0.26,5.82,32.0,52.0,,,,23987.0,2.3,,,,,,,,,,,,,33237.0,31837.0,3121.2,8191.0,33237.0,79.0,296.0,0.89,97597.0,50200.0,47400.0,9.6,1.32,26.0,,,,,,,,,,,,,,,,,-1558.0,-1436.0,-3.0,776.8,715.9,3.2,1.51,76.0,70.0,2494.5,2298.8,10.28,4.86,244.0,225.0,69.65,2418.8,2203.4,9.86,4.72,237.0,216.0,51301.0,47276.0,4.4,0.773,44.0,205.0,87.0,118.0,,,2.01,806.0,2463.0,3269.0,15.1,50.7,32.0,76.2,67.5,71.9,,,,,,,48110.0,24.8,27.6,0.49,0.48,4.7,30525.0,28192.5,59.5,34833.0,32171.5,67.9,135601.0,70475.0,65126.0,13.3,28008.0,26303.0,55.6,2746.0,2579.0,110.0,4851010.0,5349290.0,10200300.0,16.59,68.27,15.15,,,,,,,,,,,,,,-4308.0,-3979.1,87.63,-8.4,,
Hungary,1999,,,,,,,,,,62.624,0.29,6.11,31.0,52.0,,,,25605.0,2.5,,,,,,,,,,,,,35724.0,31895.0,3120.3,7725.0,35724.0,48.0,299.0,0.84,94645.0,48900.0,45700.0,9.2,1.28,,,,,,,,,,,,,,,,,,-2429.0,-2589.0,-5.3,659.5,702.9,2.92,1.43,64.0,69.0,2102.7,2241.2,9.32,4.56,206.0,219.0,71.25,2258.3,,10.77,4.9,221.0,,46122.0,49160.0,3.1,0.762,41.0,253.0,105.0,148.0,,,2.48,778.0,2550.0,3328.0,14.5,52.3,32.5,75.6,66.7,71.1,,,,,,,45465.0,24.4,27.3,0.47,0.46,4.4,23487.0,25032.2,50.92,26286.0,28015.2,56.99,143210.0,74641.0,68569.0,14.0,27599.0,29642.0,60.3,2700.0,2900.0,110.0,4865190.0,5356450.0,10221600.0,16.92,68.1,14.98,,,,,,,,,,,,,,-2799.0,-2983.0,89.35,-6.07,,
Hungary,1998,,,,,,,,,,62.218,0.29,6.05,33.0,50.0,,,,25763.0,2.5,,,,,,,,,,,,,35216.0,31040.0,3027.3,7730.0,35216.0,48.0,265.0,0.75,97301.0,50000.0,47300.0,9.5,1.32,,,,,,,,,,,,,,,,,,-3223.0,-3616.0,-7.4,551.2,618.5,2.5,1.27,54.0,60.0,1913.7,2147.3,8.68,4.4,186.0,209.0,73.9,,2404.4,10.48,4.93,,234.0,43478.0,48784.0,3.8,0.755,41.0,289.0,113.0,176.0,,,2.82,778.0,2469.0,3247.0,14.5,50.5,31.6,75.6,66.5,71.0,,,,,,,44915.0,24.1,26.8,0.46,0.46,4.4,,23005.0,47.28,,25705.0,52.82,140870.0,74300.0,66570.0,13.7,25040.0,29476.0,60.4,2442.0,2875.0,110.0,4884400.0,5369020.0,10253400.0,17.19,67.97,14.84,,,,,,,,,,,,,,,-2700.0,89.5,-5.55,,
Hungary,1997,,,,,,,,,,62.317,0.31,6.04,28.0,52.0,,,,24992.0,2.4,,,,,,,,,,,,,33520.0,30933.0,3009.1,7393.0,33520.0,48.0,309.0,0.92,100350.0,51900.0,48400.0,9.8,1.37,,,,,,,,,,,,,,,,,,-2317.0,-2625.0,-5.5,614.2,696.0,2.97,1.47,60.0,68.0,,,,,,,80.05,,2388.7,11.12,5.04,,232.0,41831.0,47399.0,3.0,0.75,41.0,289.0,112.0,177.0,,,2.81,826.0,2388.0,3214.0,15.3,48.6,31.2,75.5,66.7,71.1,,,,,,,46905.0,23.7,26.6,0.48,0.48,4.6,,19100.0,40.48,,21235.0,45.01,139434.0,73278.0,66156.0,13.5,24505.0,29480.0,62.2,2384.0,2868.0,110.0,4901760.0,5377960.0,10279700.0,17.44,67.9,14.66,,,,,,,,,,,,,,,-2135.0,89.95,-4.53,,
Hungary,1996,,,,,,,,,,63.587,0.32,6.15,31.0,49.0,,,,22590.0,2.2,,,,,,,,,,,,,33229.0,30740.0,2984.1,7395.0,33229.0,48.0,296.0,0.89,105272.0,54200.0,51100.0,10.2,1.46,,,,,,,,,,,,,,,,,,-1609.0,-2042.0,-4.4,461.1,585.3,2.46,1.25,45.0,57.0,1593.4,2022.5,9.58,4.32,155.0,196.0,80.7,,2501.8,11.25,5.34,,243.0,36896.0,46834.0,0.1,0.744,42.0,271.0,113.0,158.0,,,2.63,916.0,2522.0,3438.0,17.0,51.2,33.3,75.0,66.3,70.6,,,,,,,48930.0,23.4,26.1,0.51,0.52,4.7,,15705.0,33.75,,18145.0,38.99,143130.0,74827.0,68303.0,13.9,24590.0,33331.0,71.2,2387.0,3236.0,111.0,4915960.0,5385290.0,10301200.0,17.71,67.82,14.47,,,,,,,,,,,,,,,-2440.0,86.55,-5.24,,
Hungary,1995,,,,,,,,,,62.359,0.32,6.03,28.0,41.0,,,,24857.0,2.4,,,,,,,,,,,,,32227.0,29883.0,2895.3,7263.0,32227.0,48.0,264.0,0.82,112054.0,57600.0,54500.0,10.8,1.57,,,,,,,,,,,,,,,,,,-3050.0,-3992.0,-8.6,467.6,612.2,2.39,1.31,45.0,59.0,1719.4,2250.5,0.0,4.83,167.0,218.0,82.85,,2586.7,11.02,5.55,,250.0,35585.0,46591.0,-0.3,0.736,43.0,296.0,98.0,198.0,,,2.87,891.0,2478.0,3369.0,16.5,50.2,32.6,74.8,65.4,70.0,,,,,,,53463.0,23.1,25.8,0.56,0.58,5.2,,12865.0,27.79,,15465.0,33.4,145431.0,77344.0,68087.0,14.1,26792.0,39064.0,83.9,2596.0,3785.0,111.0,4929220.0,5392010.0,10321200.0,18.01,67.67,14.32,,,,,,,,,,,,,,,-2600.0,83.19,-5.62,,
Hungary,1994,,,,,,,,,,62.451,0.32,6.03,,,,,,23417.0,2.3,,,,,,,,,,,,,31743.0,29590.0,2862.6,7179.0,31743.0,48.0,249.0,0.78,115598.0,59400.0,56200.0,11.2,1.64,,,,,,,,,,,,,,,,,,,,,636.8,789.7,3.43,1.82,62.0,76.0,2030.3,2518.7,0.0,5.82,198.0,243.0,86.24,,2749.2,,6.35,,266.0,34910.0,43292.0,5.9,0.73,43.0,313.0,99.0,214.0,,,3.03,898.0,2727.0,3625.0,16.6,55.1,35.0,74.5,65.0,69.6,,,,,,,54114.0,22.8,25.5,0.58,0.59,5.2,,10700.0,24.87,,14555.0,33.83,146889.0,78654.0,68235.0,14.2,,,,,,111.0,4941620.0,5395080.0,10336700.0,18.3,67.59,14.11,,,,,,,,,,,,,,,-3855.0,73.51,-8.96,,
Hungary,1993,,,,,,,,,,62.705,0.33,6.05,,,,,,22350.0,2.2,,,,,,,,,,,,,31163.0,29299.0,2830.9,7266.0,31163.0,48.0,241.0,0.77,117033.0,60000.0,57000.0,11.3,1.68,,,,,,,,,,,,,,,,,,,,,628.7,767.5,3.64,1.91,61.0,74.0,1945.5,2375.2,0.0,5.9,189.0,229.0,86.39,,2395.8,,5.95,,231.0,32973.0,40257.0,93.6,0.721,42.0,298.0,118.0,180.0,,,2.88,979.0,2715.0,3694.0,18.1,54.7,35.7,74.0,64.7,69.2,,,,,,,54099.0,22.5,25.1,0.6,0.61,5.2,,8905.0,22.26,,12530.0,31.32,150244.0,80498.0,69746.0,14.5,,,,,,111.0,4953430.0,5396580.0,10350000.0,18.64,67.42,13.93,,,,,,,,,,,,,,,-3625.0,71.07,-9.06,,
Hungary,1992,,,,,,,,,,61.713,0.32,5.96,,,,,,21607.0,2.1,,,,,,,,,,,,,30026.0,30514.0,2943.9,7143.0,30026.0,48.0,247.0,0.82,121723.0,62500.0,59200.0,11.7,1.77,,,,,,,,,,,,,,,,,,,,,371.2,847.0,4.07,2.18,35.0,82.0,1032.1,2354.7,0.0,6.06,97.0,227.0,86.92,,2304.1,,5.93,,222.0,17032.0,38857.0,-3.1,0.714,47.0,305.0,114.0,191.0,,,2.94,1061.0,2939.0,4000.0,19.7,59.1,38.6,74.0,64.7,69.2,,,,,,,57005.0,22.3,25.0,0.65,0.65,5.5,,10705.0,27.72,,11080.0,28.69,148781.0,79633.0,69148.0,14.3,,,,,,111.0,4966330.0,5398710.0,10365000.0,19.03,67.21,13.77,,,,,,,,,,,,,,,-375.0,96.62,-0.97,,
Hungary,1991,,,,,,,,,,68.427,0.35,6.6,,,,,,24433.0,2.4,,,,,,,,,,,,,28360.0,31851.0,3070.4,7054.0,28360.0,48.0,240.0,0.85,127206.0,65100.0,62100.0,12.3,1.87,,,,,,,,,,,,,,,,,,,,,379.7,753.6,4.18,2.16,37.0,73.0,1029.6,2043.3,0.0,5.86,100.0,197.0,88.13,,1946.0,,5.58,,188.0,17569.0,34867.0,-11.9,0.715,46.0,307.0,116.0,191.0,,,2.96,1113.0,2880.0,3993.0,20.6,57.9,38.5,74.0,65.1,69.4,,,,,,,61198.0,22.1,24.8,0.71,0.7,5.9,,10185.0,29.39,,11370.0,32.81,144813.0,76762.0,68051.0,14.0,,,,,,112.0,4975730.0,5397920.0,10373600.0,19.46,66.9,13.64,,,,,,,,,,,,,,,-1185.0,89.58,-3.42,,
Hungary,1990,,,,,,,,,,72.321,0.33,6.97,,,,,,24888.0,2.4,,,,,,,,,,,,,26909.0,34143.0,3291.5,7110.0,26909.0,48.0,210.0,0.78,125677.0,64200.0,61500.0,12.1,1.87,,,,,,,,,,,,,,,,,,,,,,883.9,5.05,2.56,,85.0,,1866.7,0.0,5.41,,180.0,,,,,,,,,34478.0,-3.5,0.721,45.0,201.0,69.0,132.0,,,1.94,1153.0,2980.0,4133.0,21.4,59.8,39.8,73.8,65.2,69.4,98.8,99.3,99.1,99.2,99.2,99.2,66405.0,22.0,24.7,0.77,0.77,6.4,,10000.0,29.19,,10340.0,30.18,145660.0,76936.0,68724.0,14.0,,,,,,112.0,4979830.0,5393320.0,10373200.0,19.94,66.61,13.45,,,,,,,,,,,,,,,-340.0,96.71,-0.99,,
Hungary,1989,,,,,,,,,,81.108,,7.8,,,,,,24952.0,2.4,,,,,,,,,,,,,27854.0,34795.0,3353.8,7068.0,27854.0,48.0,156.0,0.56,123304.0,63300.0,60000.0,11.8,1.82,,,,,,,,,,,,,,,,,,,,,,847.6,5.3,2.79,,81.0,,1535.4,0.0,5.05,,147.0,,,,,,,,,30423.0,0.7,,,,,,,,,1264.0,3132.0,4396.0,23.3,62.1,41.9,73.8,65.4,69.5,,,,,,,66949.0,,,,,6.4,,9670.0,31.98,,8865.0,29.32,144695.0,76521.0,68174.0,13.8,,,,,,112.0,4984900.0,5389920.0,10374800.0,20.54,66.22,13.24,,,,,,,,,,,,,,,805.0,109.08,2.66,,
Hungary,1988,,,,,,,,,,83.357,,7.99,,,,,,23868.0,2.3,,,,,,,,,,,,,27520.0,34593.0,3267.0,7072.0,27520.0,48.0,167.0,0.61,124296.0,63800.0,60500.0,11.7,1.81,,,,,,,,,,,,,,,,,,,,,,1071.7,6.92,3.6,,102.0,,1335.8,0.0,4.48,,128.0,,,,,,,,,29800.0,-0.1,,,,,,,,,1405.0,2972.0,4377.0,25.6,58.1,41.3,74.2,66.2,70.2,,,,,,,65907.0,,,,,6.2,,10000.0,33.77,,9370.0,31.64,140042.0,73339.0,66703.0,13.2,,,,,,114.0,5106720.0,5481900.0,10588600.0,20.8,66.06,13.14,,,,,,,,,,,,,,,630.0,106.72,2.13,,
Hungary,1987,,,,,,,,,,88.063,,8.41,,,,,,29856.0,2.8,,,,,,,,,,,,,27998.0,34594.0,3262.2,6824.0,27998.0,48.0,167.0,0.6,125840.0,64600.0,61300.0,11.9,1.82,,,,,,,,,,,,,,,,,,,,,,859.4,5.81,3.16,,82.0,,1261.1,0.0,4.63,,120.0,,,,,,,,,27233.0,4.1,,,,,,,,,1405.0,3377.0,4782.0,25.6,65.9,45.1,73.9,65.7,69.8,,,,,,,66082.0,,,,,6.2,,9580.0,35.4,,9860.0,36.43,142601.0,74917.0,67684.0,13.4,,,,,,114.0,5116260.0,5488100.0,10604400.0,21.06,66.03,12.91,,,,,,,,,,,,,,,-280.0,97.16,-1.03,,
Hungary,1986,,,,,,,,,,86.956,,8.27,,,,,,29557.0,2.8,,,,,,,,,,,,,26404.0,33084.0,3114.9,6600.0,26404.0,48.0,152.0,0.58,128204.0,65500.0,62700.0,12.1,1.84,,,,,,,,,,,,,,,,,,,,,,798.8,5.81,3.22,,76.0,,1173.4,0.0,4.74,,111.0,,,,,,,,,24778.0,1.5,,,,,,,,,1424.0,3393.0,4817.0,25.9,66.1,45.3,73.3,65.3,69.3,,,,,,,72434.0,,,,,6.8,,9170.0,37.24,,9595.0,38.97,147089.0,77059.0,70030.0,13.8,,,,,,114.0,5126600.0,5494520.0,10621100.0,21.26,66.07,12.67,,,,,,,,,,,,,,,-425.0,95.57,-1.73,,
Hungary,1985,,,,,,,,,,88.348,,8.36,,,,,,29309.0,2.8,,,,,,,,,,,,,25211.0,32429.0,3047.8,6165.0,25211.0,48.0,153.0,0.61,130200.0,66800.0,63400.0,12.2,1.85,,,,,,,,,,,,,,,,,,,,,,1069.6,10.04,4.97,,101.0,,975.0,0.0,4.53,,92.0,,,,,,,,,21511.0,-0.3,,,,,,,,,1278.0,3447.0,4725.0,23.2,67.0,44.4,73.2,65.1,69.1,,,,,,,73238.0,,,,,6.9,,8470.0,39.62,,8185.0,38.29,147614.0,78034.0,69580.0,13.9,,,,,,114.0,5138120.0,5501880.0,10640000.0,21.42,66.13,12.45,,,,,,,,,,,,,,,285.0,103.48,1.33,,
Hungary,1984,,,,,,,,,,88.407,,8.33,,,,,,28711.0,2.7,,,,,,,,,,,,,24743.0,31552.0,2960.6,6160.0,24743.0,48.0,179.0,0.72,125359.0,64100.0,61300.0,11.8,1.75,,,,,,,,,,,,,,,,,,,,,,668.7,6.4,3.15,,63.0,,1010.8,0.0,4.76,,95.0,,,,,,,,,21243.0,2.7,,,,,,,,,1414.0,3486.0,4900.0,25.7,67.6,45.9,73.3,65.1,69.1,,,,,,,74951.0,,,,,7.0,,8620.0,40.83,,8130.0,38.51,146709.0,78239.0,68470.0,13.8,,,,,,115.0,5149330.0,5508090.0,10657400.0,21.57,66.16,12.27,,,,,,,,,,,,,,,490.0,106.03,2.32,,
Hungary,1983,,,,,,,,,,86.841,,8.14,,,,,,29337.0,2.7,,,,,,,,,,,,,24256.0,30007.0,2810.0,5834.0,24256.0,48.0,153.0,0.63,127258.0,65100.0,62200.0,11.9,1.75,,,,,,,,,,,,,,,,,,,,,,730.9,6.54,3.34,,68.0,,1137.1,0.0,5.19,,107.0,,,,,,,,,21910.0,0.7,,,,,,,,,1456.0,3455.0,4911.0,26.4,66.8,45.9,73.1,65.1,69.0,,,,,,,75969.0,,,,,7.1,,8770.0,40.28,,8555.0,39.29,148643.0,78651.0,69992.0,13.9,,,,,,115.0,5163500.0,5515270.0,10678800.0,21.77,66.03,12.19,,,,,,,,,,,,,,,215.0,102.51,0.99,,
Hungary,1982,,,,,,,,,,90.555,,8.45,,,,,,28587.0,2.7,,,,,,,,,,,,,23208.0,28767.0,2688.5,5454.0,23208.0,48.0,158.0,0.68,133559.0,68800.0,64800.0,12.5,1.8,,,,,,,,,,,,,,,,,,,,,,783.0,6.29,3.24,,73.0,,1067.3,0.0,4.42,,100.0,,,,,,,,,24142.0,2.8,,,,,,,,,1445.0,3214.0,4659.0,26.2,62.0,43.5,73.3,65.7,69.4,,,,,,,75550.0,,,,,7.1,,8860.0,36.93,,8870.0,36.97,144318.0,76220.0,68098.0,13.5,,,,,,115.0,5177070.0,5523080.0,10700200.0,21.96,65.47,12.57,,,,,,,,,,,,,,,-10.0,99.89,-0.04,,
Hungary,1981,,,,,,,,,,90.36,,8.41,,,,,,27426.0,2.6,,,,,,,,,,,,,22687.0,27722.0,2588.2,5395.0,22687.0,48.0,166.0,0.73,142890.0,72900.0,70000.0,13.3,1.88,,,,,,,,,,,,,,,,,,,,,,790.3,6.26,3.33,,74.0,,1047.5,0.0,4.42,,98.0,,,,,,,,,23706.0,2.9,,,,,,,,,1587.0,3293.0,4880.0,28.7,63.5,45.6,73.0,65.5,69.2,,,,,,,77131.0,,,,,7.2,,8730.0,37.06,,9160.0,38.88,144757.0,76500.0,68257.0,13.5,,,,,,115.0,5184520.0,5526400.0,10710900.0,22.06,64.99,12.95,,,,,,,,,,,,,,,-430.0,95.31,-1.83,,
Hungary,1980,,,,,,,,,,91.604,,8.52,,,,,,27797.0,2.6,,,,,,,,,,,,,22364.0,27385.0,2556.3,5392.0,22364.0,48.0,111.0,0.5,148673.0,76100.0,72600.0,13.9,1.91,,,,,,,,,,,,,,,,,,,,,,772.7,,3.34,,72.0,,991.7,,4.29,,93.0,,,,,,,,,23117.0,0.2,,,,,,,,,1465.0,3344.0,4809.0,26.5,64.5,44.9,72.8,65.5,69.1,98.0,99.0,99.0,99.0,99.0,99.0,80331.0,,,,,7.5,,8610.0,37.48,,9190.0,40.0,145355.0,76729.0,68626.0,13.6,,,,,,115.0,5188100.0,5524690.0,10712800.0,22.0,64.68,13.33,,,,,,,,,,,,,,,-580.0,93.69,-2.52,,
Hungary,1979,,,,,,,,,,92.335,,8.6,,,,,,27606.0,2.6,,,,,,,,,,,,,,,,,,,,,160364.0,82200.0,78200.0,15.0,2.01,,,,,,,,,,,,,,,,,,,,,,646.5,,3.24,,60.0,,737.6,,3.7,,69.0,,,,,,,,,19960.0,2.7,,,,,,,,,1466.0,3304.0,4770.0,26.6,63.7,44.6,73.2,66.2,69.7,,,,,,,87172.0,,,,,8.1,,7929.9,41.44,,8681.8,45.37,136829.0,72124.0,64705.0,12.8,,,,,,115.0,5188710.0,5520750.0,10709500.0,21.86,64.6,13.53,,,,,,,,,,,,,,,-751.9,91.34,-3.93,,
Hungary,1978,,,,,,,,,,93.695,,8.76,,,,,,28407.0,2.7,,,,,,,,,,,,,,,,,,,,,168160.0,86500.0,81700.0,15.7,2.06,,,,,,,,,,,,,,,,,,,,,,560.0,,3.24,,52.0,,642.2,,3.72,,60.0,,,,,,,,,17287.0,4.4,,,,,,,,,1477.0,3133.0,4610.0,26.9,60.4,43.1,72.8,66.1,69.4,,,,,,,92438.0,,,,,8.7,,6408.2,38.66,,7990.2,48.21,140121.0,73079.0,67042.0,13.1,,,,,,115.0,5191340.0,5507500.0,10698800.0,21.48,65.29,13.22,,,,,,,,,,,,,,,-1582.0,80.2,-9.55,,
Hungary,1977,,,,,,,,,,86.28,,8.11,,,,,,27167.0,2.6,,,,,,,,,,,,,,,,,,,,,177574.0,91100.0,86500.0,16.7,2.15,,,,,,,,,,,,,,,,,,,,,,436.9,,2.96,,41.0,,531.3,,3.59,,50.0,,,,,,,,,14784.0,7.6,,,,,,,,,1398.0,2894.0,4292.0,25.5,56.0,40.3,73.1,66.8,69.9,,,,,,,97015.0,,,,,9.1,,5832.0,41.15,,6522.0,46.01,132031.0,68955.0,63076.0,12.4,,,,,,115.0,5177960.0,5492840.0,10670800.0,21.19,65.71,13.1,,,,,,,,,,,,,,,-690.0,89.42,-4.87,,
Hungary,1976,,,,,,,,,,82.382,,7.79,,,,,,27075.0,2.6,,,,,,,,,,,,,,,,,,,,,185405.0,95400.0,90100.0,17.5,2.23,,,,,,,,,,,,,,,,,,,,,,397.9,,3.01,,37.0,,466.6,,3.53,,44.0,,,,,,,,,13236.0,3.6,,,,,,,,,1327.0,2980.0,4307.0,24.3,57.9,40.6,72.6,66.7,69.7,,,,,,,100472.0,,,,,9.5,,4934.0,38.88,,5529.0,43.57,132240.0,68405.0,63835.0,12.5,,,,,,114.0,5155850.0,5469410.0,10625300.0,20.82,66.29,12.88,,,,,,,,,,,,,,,-595.0,89.24,-4.69,,
Hungary,1975,,,,,,,,,,78.411,,7.45,,,,,,25997.0,2.5,,,,,,,,,,,,,,,,,,,,,194240.0,99900.0,94300.0,18.4,2.35,,,,,,,,,,,,,,,,,,,,,,380.9,,3.34,,36.0,,424.9,,3.72,,40.0,,,,,,,,,11420.0,6.2,,,,,,,,,1200.0,2852.0,4052.0,22.1,55.8,38.4,72.5,66.3,69.4,,,,,,,103775.0,,,,,9.8,,6091.0,55.63,,7176.0,65.54,131102.0,68229.0,62873.0,12.4,,,,,,114.0,5128910.0,5443190.0,10572100.0,20.49,66.78,12.73,,,,,,,,,,,,,,,-1085.0,84.88,-9.91,,
Hungary,1974,,,,,,,,,,76.917,,7.33,,,,,,24517.0,2.3,,,,,,,,,,,,,,,,,,,,,186288.0,95900.0,90400.0,17.8,2.27,,,,,,,,,,,,,,,,,,,,,,321.3,,3.21,,31.0,,360.1,,3.6,,34.0,,,,,,,,,10016.0,5.9,,,,,,,,,1271.0,2991.0,4262.0,23.6,58.9,40.7,72.3,66.3,69.3,,,,,,,99962.0,,,,,9.5,,5130.0,53.42,,5576.0,58.06,125816.0,65492.0,60324.0,12.0,,,,,,113.0,5097230.0,5411730.0,10509000.0,20.16,67.3,12.54,,,,,,,,,,,,,,,-446.0,92.0,-4.64,,
Hungary,1973,,,,,,,,,,74.87,,7.16,,,,,,25354.0,2.4,,,,,,,,,,,,,,,,,,,,,156224.0,80700.0,75600.0,15.0,1.93,,,,,,,,,,,,,,,,,,,,,,274.8,,3.01,,26.0,,309.8,,3.39,,30.0,,,,,,,,,9138.0,6.9,,,,,,,,,1156.0,2689.0,3845.0,21.5,53.2,36.9,72.6,66.6,69.6,,,,,,,101614.0,,,,,9.7,,4433.0,50.6,,3919.0,44.73,123366.0,64094.0,59272.0,11.8,,,,,,112.0,5066830.0,5381650.0,10448500.0,19.93,67.76,12.31,,,,,,,,,,,,,,,514.0,113.12,5.87,,
Hungary,1972,,,,,,,,,,70.051,,6.72,,,,,,24190.0,2.3,,,,,,,,,,,,,,,,,,,,,153265.0,79300.0,74000.0,14.7,1.93,,,,,,,,,,,,,,,,,,,,,,241.6,,3.27,,23.0,,247.2,,3.35,,24.0,,,,,,,,,7379.0,6.1,,,,,,,,,1148.0,2692.0,3840.0,21.4,53.4,36.9,72.7,66.8,69.8,,,,,,,97710.0,,,,,9.4,,3292.0,46.53,,3154.0,44.58,118991.0,61814.0,57177.0,11.4,,,,,,112.0,5050270.0,5365360.0,10415600.0,19.99,67.94,12.07,,,,,,,,,,,,,,,138.0,104.38,1.95,,
Hungary,1971,,,,,,,,,,67.923,,6.53,,,,,,23560.0,2.3,,,,,,,,,,,,,,,,,,,,,150640.0,77600.0,73000.0,14.5,1.93,,,,,,,,,,,,,,,,,,,,,,235.4,,3.74,,23.0,,215.5,,3.43,,21.0,,,,,,,,,6292.0,6.2,,,,,,,,,1124.0,2613.0,3737.0,21.0,52.0,36.0,72.1,66.1,69.1,,,,,,,94202.0,,,,,9.1,,2500.0,41.45,,2990.0,49.57,123009.0,64307.0,58702.0,11.9,,,,,,112.0,5032780.0,5348580.0,10381400.0,20.14,68.03,11.83,,,,,,,,,,,,,,,-490.0,83.61,-8.12,,
Hungary,1970,,,,,,,,,,66.273,,6.39,,,,,,22841.0,2.2,,,,,,,,,,,,,,,,,,,,,151819.0,78400.0,73500.0,14.7,1.98,,,,,,,,,,,,,,,,,,,,,,233.0,,4.03,,23.0,,198.9,,3.44,,19.0,,,,,,,,,5781.0,4.7,,,,,,,,,1056.0,2539.0,3595.0,19.8,50.7,34.8,72.1,66.3,69.2,,,,,,,96612.0,,,,,9.3,,2317.0,41.8,,2506.0,45.21,120197.0,62545.0,57652.0,11.6,,,,,,111.0,5019470.0,5334250.0,10353700.0,20.54,67.83,11.63,,,,,,,,,,,,,,,-189.0,92.46,-3.41,,
Hungary,1969,,,,,,,,,,,,,,,,,,21855.0,2.1,,,,,,,,,,,,,,,,,,,,,154318.0,79900.0,74400.0,15.0,2.04,,,,,,,,,,,,,,,,,,,,,,,,,,,,,,,,,,,,,,,,,5430.0,6.9,,,,,,,,,1005.0,2406.0,3411.0,18.9,48.2,33.1,72.1,66.7,69.4,,,,,,,95614.0,,,,,9.3,,2084.0,40.03,,1928.0,37.04,116659.0,60825.0,55834.0,11.3,,,,,,111.0,5003650.0,5318450.0,10322100.0,21.09,67.44,11.48,,,,,,,,,,,,,,,156.0,108.09,3.0,,
Hungary,1968,,,,,,,,,,,,,,,,,,21265.0,2.1,,,,,,,,,,,,,,,,,,,,,154419.0,79600.0,74800.0,15.1,2.06,,,,,,,,,,,,,,,,,,,,,,,,,,,,,,,,,,,,,,,,,4886.0,4.9,,,,,,,,,1023.0,2437.0,3460.0,19.3,49.1,33.7,72.0,66.6,69.3,,,,,,,95613.0,,,,,9.3,,1790.0,38.21,,1803.0,38.49,115354.0,59712.0,55642.0,11.2,,,,,,110.0,4969740.0,5305610.0,10275300.0,21.69,67.05,11.26,,,,,,,,,,,,,,,-13.0,99.28,-0.28,,
Hungary,1967,,,,,,,,,,,,,,,,,,21078.0,2.1,,,,,,,,,,,,,,,,,,,,,148886.0,76900.0,72000.0,14.6,2.01,,,,,,,,,,,,,,,,,,,,,,,,,,,,,,,,,,,,,,,,,,7.5,,,,,,,,,973.0,2227.0,3200.0,18.4,45.1,31.3,72.1,66.9,69.5,,,,,,,96199.0,,,,,9.4,,1702.0,,,1776.0,,109530.0,56478.0,53052.0,10.7,,,,,,110.0,4949840.0,5286440.0,10236300.0,22.17,66.77,11.05,,,,,,,,,,,,,,,-74.0,95.83,,,
Hungary,1966,,,,,,,,,,,,,,,,,,20631.0,2.0,,,,,,,,,,,,,,,,,,,,,138489.0,71700.0,66800.0,13.6,1.89,,,,,,,,,,,,,,,,,,,,,,,,,,,,,,,,,,,,,,,,,,7.4,,,,,,,,,944.0,2067.0,3011.0,18.0,42.0,29.6,72.3,67.5,69.9,,,,,,,93230.0,,,,,9.2,,1594.0,,,1566.0,,101943.0,52211.0,49732.0,10.0,,,,,,110.0,4929410.0,5267520.0,10196900.0,22.53,66.7,10.78,,,,,,,,,,,,,,,28.0,101.79,,,
Hungary,1965,,,,,,,,,,,,,,,,,,20363.0,2.0,,,,,,,,,,,,,,,,,,,,,133009.0,68600.0,64400.0,13.1,1.82,,,,,,,,,,,,,,,,,,,,,,,,,,,,,,,,,,,,,,,,,,42.4,,,,,,,,,939.0,2090.0,3029.0,17.9,42.6,29.8,71.5,66.7,69.2,,,,,,,89611.0,,,,,8.8,,1510.0,,,1521.0,,108119.0,55483.0,52636.0,10.7,,,,,,109.0,4909960.0,5250420.0,10160400.0,23.0,66.51,10.49,,,,,,,,,,,,,,,-11.0,99.28,,,
Hungary,1964,,,,,,,,,,,,,,,,,,19700.0,1.9,,,,,,,,,,,,,,,,,,,,,132141.0,68400.0,63800.0,13.1,1.82,,,,,,,,,,,,,,,,,,,,,,,,,,,,,,,,,,,,,,,,,,4.7,,,,,,,,,892.0,1998.0,2890.0,17.1,40.9,28.6,71.9,67.0,69.5,,,,,,,87581.0,,,,,8.7,,1352.0,,,1495.0,,100830.0,51902.0,48928.0,10.0,,,,,,109.0,4896840.0,5238650.0,10135500.0,23.55,66.26,10.19,,,,,,,,,,,,,,,-143.0,90.43,,,
Hungary,1963,,,,,,,,,,,,,,,,,,18364.0,1.8,,,,,,,,,,,,,,,,,,,,,132335.0,68300.0,64100.0,13.1,1.82,,,,,,,,,,,,,,,,,,,,,,,,,,,,,,,,,,,,,,,,,,5.7,,,,,,,,,874.0,1825.0,2699.0,16.8,37.5,26.8,71.3,66.6,69.0,,,,,,,84387.0,,,,,8.4,,1206.0,,,1306.0,,99871.0,51289.0,48582.0,9.9,,,,,,109.0,4880360.0,5223820.0,10104200.0,24.06,66.04,9.9,,,,,,,,,,,,,,,-100.0,92.34,,,
Hungary,1962,,,,,,,,,,,,,,,,,,17410.0,1.7,,,,,,,,,,,,,,,,,,,,,130053.0,67200.0,62900.0,12.9,1.79,,,,,,,,,,,,,,,,,,,,,,,,,,,,,,,,,,,,,,,,,,6.1,,,,,,,,,775.0,1727.0,2502.0,14.9,35.6,24.9,70.1,65.7,67.9,,,,,,,81354.0,,,,,8.1,,1100.0,,,1149.0,,108273.0,55251.0,53022.0,10.8,,,,,,108.0,4863370.0,5208340.0,10071700.0,24.57,65.83,9.61,,,,,,,,,,,,,,,-49.0,95.74,,,
Hungary,1961,,,,,,,,,,,,,,,,,,17480.0,1.7,,,,,,,,,,,,,,,,,,,,,140365.0,72600.0,67800.0,14.0,1.94,,,,,,,,,,,,,,,,,,,,,,,,,,,,,,,,,,,,,,,,,,4.7,,,,,,,,,794.0,1758.0,2552.0,15.3,36.3,25.4,71.2,66.8,69.0,,,,,,,83072.0,,,,,8.3,,1029.0,,,1026.0,,96410.0,49308.0,47102.0,9.6,,,,,,108.0,4851470.0,5198460.0,10049900.0,25.02,65.59,9.39,,,,,,,,,,,,,,,3.0,100.29,,,
Hungary,1960,,,,,,,,,,,,,,,,,,16590.0,1.7,,,,,,,,,,,,,,,,,,,,,146461.0,75800.0,70700.0,14.7,2.02,,,,,,,,,,,,,,,,,,,,,,,,,,,,,,,,,,,,,,,,,,,,,,,,,,,772.0,1721.0,2493.0,14.9,35.7,25.0,70.2,65.9,68.1,,,,,,,88566.0,,,,,8.9,,874.0,,,976.0,,101525.0,51667.0,49858.0,10.2,,,,,,108.0,4828160.0,5177820.0,10006000.0,25.24,65.63,9.14,,,,,,,,,,,,,,,-102.0,89.55,,,
Hungary,1959,,,,,,,,,,,,,,,,,,,,,,,,,,,,,,,,,,,,,,,,,,,,,,,,,,,,,,,,,,,,,,,,,,,,,,,,,,,,,,,,,,,,,,,,,,,,,,,,,,,,,,,,,,,,,,,,,,,,,770.0,,,793.0,,,,,,,,,,,107.0,4804040.0,5157000.0,9961040.0,25.39,65.67,8.94,,,,,,,,,,,,,,,-23.0,97.1,,,
Hungary,1958,,,,,,,,,,,,,,,,,,,,,,,,,,,,,,,,,,,,,,,,,,,,,,,,,,,,,,,,,,,,,,,,,,,,,,,,,,,,,,,,,,,,,,,,,,,,,,,,,,,,,,,,,,,,,,,,,,,,,684.0,,,631.0,,,,,,,,,,,,,,,,,,,,,,,,,,,,,,,,53.0,108.4,,,
Hungary,1957,,,,,,,,,,,,,,,,,,,,,,,,,,,,,,,,,,,,,,,,,,,,,,,,,,,,,,,,,,,,,,,,,,,,,,,,,,,,,,,,,,,,,,,,,,,,,,,,,,,,,,,,,,,,,,,,,,,,,488.0,,,683.0,,,,,,,,,,,,,,,,,,,,,,,,,,,,,,,,-195.0,71.45,,,
Hungary,1956,,,,,,,,,,,,,,,,,,,,,,,,,,,,,,,,,,,,,,,,,,,,,,,,,,,,,,,,,,,,,,,,,,,,,,,,,,,,,,,,,,,,,,,,,,,,,,,,,,,,,,,,,,,,,,,,,,,,,487.0,,,481.0,,,,,,,,,,,,,,,,,,,,,,,,,,,,,,,,6.0,101.25,,,
Hungary,1955,,,,,,,,,,,,,,,,,,,,,,,,,,,,,,,,,,,,,,,,,,,,,,,,,,,,,,,,,,,,,,,,,,,,,,,,,,,,,,,,,,,,,,,,,,,,,,,,,,,,,,,,,,,,,,,,,,,,,601.0,,,554.0,,,,,,,,,,,,,,,,,,,,,,,,,,,,,,,,47.0,108.48,,,
Hungary,1954,,,,,,,,,,,,,,,,,,,,,,,,,,,,,,,,,,,,,,,,,,,,,,,,,,,,,,,,,,,,,,,,,,,,,,,,,,,,,,,,,,,,,,,,,,,,,,,,,,,,,,,,,,,,,,,,,,,,,519.0,,,532.0,,,,,,,,,,,,,,,,,,,,,,,,,,,,,,,,-13.0,97.56,,,
Hungary,1953,,,,,,,,,,,,,,,,,,,,,,,,,,,,,,,,,,,,,,,,,,,,,,,,,,,,,,,,,,,,,,,,,,,,,,,,,,,,,,,,,,,,,,,,,,,,,,,,,,,,,,,,,,,,,,,,,,,,,498.0,,,488.0,,,,,,,,,,,,,,,,,,,,,,,,,,,,,,,,10.0,102.05,,,
Hungary,1952,,,,,,,,,,,,,,,,,,,,,,,,,,,,,,,,,,,,,,,,,,,,,,,,,,,,,,,,,,,,,,,,,,,,,,,,,,,,,,,,,,,,,,,,,,,,,,,,,,,,,,,,,,,,,,,,,,,,,438.0,,,456.0,,,,,,,,,,,,,,,,,,,,,,,,,,,,,,,,-18.0,96.05,,,
Hungary,1951,,,,,,,,,,,,,,,,,,,,,,,,,,,,,,,,,,,,,,,,,,,,,,,,,,,,,,,,,,,,,,,,,,,,,,,,,,,,,,,,,,,,,,,,,,,,,,,,,,,,,,,,,,,,,,,,,,,,,396.0,,,391.0,,,,,,,,,,,,,,,,,,,,,,,,,,,,,,,,5.0,101.28,,,
Hungary,1950,,,,,,,,,,,,,,,,,,,,,,,,,,,,,,,,,,,,,,,,,,,,,,,,,,,,,,,,,,,,,,,,,,,,,,,,,,,,,,,,,,,,,,,,,,,,,,,,,,,,,,,,,,,,,,,,,,,,,329.0,,,313.0,,,,,,,,,,,,,,,,,,,,,,,,,,,,,,,,16.0,105.11,,,
